"id","submitdate","lastpage","startlanguage","seed","startdate","datestamp","consent","consent2","generatecode","condition","browser","browserplatform","browserismobile","browseristablet","PracticeArray[SQ001]","PracticeArray[SQ002]","PracticeArray[SQ003]","PracticeArray[SQ004]","PracticeArray[SQ005]","PracticeArray[SQ006]","aggpassenger[SQ001]","aggpassenger[SQ002]","aggpassenger[SQ003]","aggpassenger[SQ004]","aggpassenger[SQ005]","aggpassenger[SQ006]","defdriver[SQ001]","defdriver[SQ002]","defdriver[SQ003]","defdriver[SQ004]","defdriver[SQ005]","defdriver[SQ006]","defpassenger[SQ001]","defpassenger[SQ002]","defpassenger[SQ003]","defpassenger[SQ004]","defpassenger[SQ005]","defpassenger[SQ006]","aggdriver[SQ001]","aggdriver[SQ002]","aggdriver[SQ003]","aggdriver[SQ004]","aggdriver[SQ005]","aggdriver[SQ006]","aggdriver2[SQ001]","aggdriver2[SQ002]","aggdriver2[SQ003]","aggdriver2[SQ004]","aggdriver2[SQ005]","aggdriver2[SQ006]","aggpassenger2[SQ001]","aggpassenger2[SQ002]","aggpassenger2[SQ003]","aggpassenger2[SQ004]","aggpassenger2[SQ005]","aggpassenger2[SQ006]","defpassenger2[SQ001]","defpassenger2[SQ002]","defpassenger2[SQ003]","defpassenger2[SQ004]","defpassenger2[SQ005]","defpassenger2[SQ006]","defdriver2[SQ001]","defdriver2[SQ002]","defdriver2[SQ003]","defdriver2[SQ004]","defdriver2[SQ005]","defdriver2[SQ006]","aggrural[SQ001]","aggrural[SQ002]","aggrural[SQ003]","aggrural[SQ004]","aggrural[SQ005]","aggrural[SQ006]","aggrural2[SQ001]","aggrural2[SQ002]","aggrural2[SQ003]","aggrural2[SQ004]","aggrural2[SQ005]","aggrural2[SQ006]","defrural[SQ001]","defrural[SQ002]","defrural[SQ003]","defrural[SQ004]","defrural[SQ005]","defrural[SQ006]","defrural2[SQ001]","defrural2[SQ002]","defrural2[SQ003]","defrural2[SQ004]","defrural2[SQ005]","defrural2[SQ006]","StateOfAnx1[1]","StateOfAnx1[2]","StateOfAnx1[3]","StateOfAnx1[4]","StateOfAnx1[5]","StateOfAnx1[6]","StateOfAnx1[7]","StateOfAnx1[8]","StateOfAnx1[9]","StateOfAnx1[10]","StateOfAnx1[11]","StateOfAnx1[12]","StateOfAnx1[13]","StateOfAnx1[14]","StateOfAnx1[15]","StateOfAnx1[16]","StateOfAnx1[17]","StateOfAnx1[18]","StateOfAnx1[19]","StateOfAnx1[20]","aggurban[SQ001]","aggurban[SQ002]","aggurban[SQ003]","aggurban[SQ004]","aggurban[SQ005]","aggurban[SQ006]","defurban[SQ001]","defurban[SQ002]","defurban[SQ003]","defurban[SQ004]","defurban[SQ005]","defurban[SQ006]","aggurban2[SQ001]","aggurban2[SQ002]","aggurban2[SQ003]","aggurban2[SQ004]","aggurban2[SQ005]","aggurban2[SQ006]","defurban2[SQ001]","defurban2[SQ002]","defurban2[SQ003]","defurban2[SQ004]","defurban2[SQ005]","defurban2[SQ006]","StateOfAnx[1]","StateOfAnx[2]","StateOfAnx[3]","StateOfAnx[4]","StateOfAnx[5]","StateOfAnx[6]","StateOfAnx[7]","StateOfAnx[8]","StateOfAnx[9]","StateOfAnx[10]","StateOfAnx[11]","StateOfAnx[12]","StateOfAnx[13]","StateOfAnx[14]","StateOfAnx[15]","StateOfAnx[16]","StateOfAnx[17]","StateOfAnx[18]","StateOfAnx[19]","StateOfAnx[20]","aggfamily[SQ001]","aggfamily[SQ002]","aggfamily[SQ003]","aggfamily[SQ004]","aggfamily[SQ005]","aggfamily[SQ006]","aggsports[SQ001]","aggsports[SQ002]","aggsports[SQ003]","aggsports[SQ004]","aggsports[SQ005]","aggsports[SQ006]","defsports[SQ001]","defsports[SQ002]","defsports[SQ003]","defsports[SQ004]","defsports[SQ005]","defsports[SQ006]","deffamily[SQ001]","deffamily[SQ002]","deffamily[SQ003]","deffamily[SQ004]","deffamily[SQ005]","deffamily[SQ006]","aggfamily2[SQ001]","aggfamily2[SQ002]","aggfamily2[SQ003]","aggfamily2[SQ004]","aggfamily2[SQ005]","aggfamily2[SQ006]","aggsports2[SQ001]","aggsports2[SQ002]","aggsports2[SQ003]","aggsports2[SQ004]","aggsports2[SQ005]","aggsports2[SQ006]","deffamily2[SQ001]","deffamily2[SQ002]","deffamily2[SQ003]","deffamily2[SQ004]","deffamily2[SQ005]","deffamily2[SQ006]","defsports2[SQ001]","defsports2[SQ002]","defsports2[SQ003]","defsports2[SQ004]","defsports2[SQ005]","defsports2[SQ006]","drivingxpcat","educationyears","age","gender","drivingxp","educationlevel","BFI10[SQ001]","BFI10[SQ002]","BFI10[SQ003]","BFI10[SQ004]","BFI10[SQ005]","BFI10[SQ006]","BFI10[SQ007]","BFI10[SQ008]","BFI10[SQ009]","BFI10[SQ010]","TraitOfAnx1[1]","TraitOfAnx1[2]","TraitOfAnx1[3]","TraitOfAnx1[4]","TraitOfAnx1[5]","TraitOfAnx1[6]","TraitOfAnx1[7]","TraitOfAnx1[8]","TraitOfAnx1[9]","TraitOfAnx1[10]","TraitOfAnx1[11]","TraitOfAnx1[12]","TraitOfAnx1[13]","TraitOfAnx1[14]","TraitOfAnx1[15]","TraitOfAnx1[16]","TraitOfAnx1[17]","TraitOfAnx1[18]","TraitOfAnx1[19]","TraitOfAnx1[20]","SensationArray[SQ001]","SensationArray[SQ002]","SensationArray[SQ003]","SensationArray[SQ004]","SensationArray[SQ005]","SensationArray[SQ006]","SensationArray[SQ007]","SensationArray[SQ008]","SensationArray[SQ009]","SensationArray[SQ010]","SensationArray[SQ011]","SensationArray[SQ012]","SensationArray[SQ013]","SensationArray[SQ014]","SensationArray[SQ015]","SensationArray[SQ016]","SensationArray[SQ017]","SensationArray[SQ018]","SensationArray[SQ019]","TrustArray[SQ001]","TrustArray[SQ002]","TrustArray[SQ003]","TrustArray[SQ004]","TrustArray[SQ005]","TrustArray[SQ006]","TrustArray[SQ007]","TrustArray[SQ008]","TrustArray[SQ009]","TrustArray[SQ010]","TrustArray[SQ011]","TrustArray[SQ012]","participationhours","Feedback","interviewtime","groupTime138","consentTime","consent2Time","generatecodeTime","conditionTime","browserTime","browserplatformTime","browserismobileTime","browseristabletTime","groupTime187","PracticeArrayTime","groupTime141","aggpassengerTime","defdriverTime","defpassengerTime","aggdriverTime","aggdriver2Time","aggpassenger2Time","defpassenger2Time","defdriver2Time","groupTime142","aggruralTime","aggrural2Time","defruralTime","defrural2Time","StateOfAnx1Time","groupTime184","aggurbanTime","defurbanTime","aggurban2Time","defurban2Time","StateOfAnxTime","groupTime143","aggfamilyTime","aggsportsTime","defsportsTime","deffamilyTime","aggfamily2Time","aggsports2Time","deffamily2Time","defsports2Time","groupTime123","drivingxpcatTime","educationyearsTime","ageTime","genderTime","drivingxpTime","educationlevelTime","groupTime178","BFI10Time","groupTime182","TraitOfAnx1Time","groupTime145","SensationArrayTime","TrustArrayTime","groupTime177","participationhoursTime","groupTime188","FeedbackTime"
"57","2022-06-19 20:47:02","47","en","1350102654","2022-06-19 20:20:56","2022-06-19 20:47:02","","I agree.","JJ08H","2","Firefox 91","Apple","N","N","4","4","3","2","2","3","","","","","","","","","","","","","","","","","","","","","","","","","","","","","","","","","","","","","","","","","","","","","","","","","2","1","1","3","2","1","5","5","5","3","5","5","4","5","4","3","1","4","4","4","4","3","1","4","Somewhat","Very Much So","A little","A little","Somewhat","A little","Not at all","Somewhat","Not at all","A little","Very Much So","Not at all","Not at all","Not at all","Somewhat","Somewhat","Not at all","A little","A little","Somewhat","2","1","1","1","1","2","2","5","4","3","1","4","5","2","5","4","3","3","4","5","4","4","1","5","A little","Very Much So","A little","Not at all","Somewhat","Not at all","Not at all","Somewhat","Not at all","A little","Very Much So","Not at all","Not at all","Not at all","Somewhat","Somewhat","Not at all","Not at all","Very Much So","Somewhat","","","","","","","","","","","","","","","","","","","","","","","","","","","","","","","","","","","","","","","","","","","","","","","","","Not at all.","21","25","Prefer not to say","6","Bachelor degree","","","","","","","","","","","Somewhat","A little","Very Much So","A little","Not at all","Very Much So","Somewhat","Very Much So","Not at all","Very Much So","Not at all","Not at all","Very Much So","Somewhat","Not at all","Very Much So","Not at all","Somewhat","Somewhat","Somewhat","","","","","","","","","","","","","","","","","","","","","","","","","","","","","","","","","One of the questions is inconsistent. It usually has the scale pleasant = 1 unpleasant = 5 but it is reversed for one question.","1565.64","","28.35","47.27","42.71","","","","","","","322.87","","","","","","","","","","","217.59","42.46","71.66","125.8","75.75","","58.23","56.48","93.19","40.03","44.82","","","","","","","","","","","6.39","27.03","3.95","8.8","22.42","9.52","","","","125.43","","","","","3.54","","91.35"
"67","2022-06-20 14:47:37","47","en","349158379","2022-06-20 14:34:51","2022-06-20 14:47:37","","I agree.","FN06M","3","Chrome 102","Windows","N","N","2","2","1","3","3","3","","","","","","","","","","","","","","","","","","","","","","","","","","","","","","","","","","","","","","","","","","","","","","","","","","","","","","","","","","","","","","","","","","","","","","","","","","","","","","","","","","","","","","","","","","","","","","","","","","","","","","","","","","","","","","","","","","","","","","","","","","","","","","","","","","","","","","","","","1","1","1","1","2","2","1","1","1","1","1","1","2","3","2","3","2","3","2","3","3","3","3","3","3","4","4","4","4","4","4","5","5","5","5","5","2","2","2","2","2","3","4","4","3","3","3","4","Once a week.","18","24","Male","2","Bachelor degree","Agree","Strongly agree","Neutral","Agree","Agree","Agree","Strongly agree","Strongly agree","Agree","Strongly agree","","","","","","","","","","","","","","","","","","","","","","","","","","","","","","","","","","","","","","","","","","","","","","","","","","","","","No it was smooth","768.95","","7.19","4.74","38.83","","","","","","","84.22","","","","","","","","","","","","","","","","","","","","","","","25.06","49.29","29.04","54.47","30.84","30.74","19.97","20.59","","7.1","19.54","6.04","2.72","14.11","8.55","","40.97","","","","","","","264.72","","10.22"
"101","2022-06-20 19:15:32","47","en","1846708769","2022-06-20 19:01:06","2022-06-20 19:15:32","","I agree.","RL06D","2","Chrome 102","Windows","N","N","2","4","4","3","4","3","","","","","","","","","","","","","","","","","","","","","","","","","","","","","","","","","","","","","","","","","","","","","","","","","4","4","4","4","4","4","5","5","5","5","5","4","5","5","5","5","5","5","3","4","3","4","3","4","Not at all","Not at all","Somewhat","Somewhat","Not at all","Somewhat","Somewhat","Somewhat","Somewhat","Somewhat","Very Much So","Somewhat","Very Much So","Very Much So","Not at all","Not at all","Not at all","Not at all","Somewhat","Somewhat","2","4","3","3","2","3","5","5","5","5","3","3","5","5","5","5","4","5","2","3","3","3","3","3","Somewhat","A little","Somewhat","Somewhat","A little","Somewhat","A little","A little","A little","Somewhat","A little","Somewhat","Somewhat","Somewhat","A little","Somewhat","A little","Somewhat","Not at all","Very Much So","","","","","","","","","","","","","","","","","","","","","","","","","","","","","","","","","","","","","","","","","","","","","","","","","Once a month.","20","28","Male","10","Bachelor degree","","","","","","","","","","","Somewhat","A little","Somewhat","Very Much So","A little","Somewhat","A little","A little","Very Much So","A little","Very Much So","Very Much So","Not at all","Not at all","Not at all","A little","Somewhat","Very Much So","Somewhat","A little","","","","","","","","","","","","","","","","","","","","","","","","","","","","","","","","","A little jitter in playing videos like slowness.","872.3","","14.17","5.16","39.05","","","","","","","88.02","","","","","","","","","","","47.14","23.84","48.3","33.46","37.52","","110.15","42.65","63","48.75","71.64","","","","","","","","","","","11.08","14.42","7.61","4.97","10.7","9.86","","","","71.31","","","","","45.64","","23.86"
"104","2022-06-20 22:18:28","47","en","452194193","2022-06-20 21:57:43","2022-06-20 22:18:28","","I agree.","CH01W","2","Edge 102","Windows","N","N","2","3","2","1","2","2","","","","","","","","","","","","","","","","","","","","","","","","","","","","","","","","","","","","","","","","","","","","","","","","","3","3","4","3","1","3","3","3","5","2","5","4","1","3","1","1","1","1","1","2","1","1","1","2","Very Much So","Very Much So","Not at all","Not at all","Not at all","Not at all","A little","Somewhat","Not at all","Not at all","Somewhat","Not at all","Not at all","Not at all","Very Much So","Somewhat","Not at all","Not at all","Very Much So","Very Much So","2","1","2","1","2","2","2","2","2","1","2","2","5","2","5","3","5","3","3","2","4","3","1","2","Very Much So","Very Much So","Not at all","Not at all","Not at all","Not at all","A little","Very Much So","Not at all","Not at all","Very Much So","Not at all","Not at all","A little","Very Much So","Somewhat","Not at all","A little","Somewhat","Somewhat","","","","","","","","","","","","","","","","","","","","","","","","","","","","","","","","","","","","","","","","","","","","","","","","","Once a week.","15","23","Male","7","University entrance school qualification, e.g. Abitur/Hochschulreife","","","","","","","","","","","Very Much So","Not at all","Somewhat","Not at all","Not at all","A little","Somewhat","A little","Not at all","Somewhat","Not at all","Somewhat","Very Much So","Not at all","Not at all","Somewhat","Very Much So","Somewhat","Somewhat","A little","","","","","","","","","","","","","","","","","","","","","","","","","","","","","","","","","","1246.51","","10.44","4.26","114.05","","","","","","","96.68","","","","","","","","","","","55.1","68.55","44.16","45.26","84.33","","65.32","99.38","120.3","58.08","137.23","","","","","","","","","","","14.36","42.93","12.81","4.64","20.26","18.74","","","","105.07","","","","","19.25","","5.31"
"106","2022-06-20 22:25:31","47","en","1969376775","2022-06-20 22:14:37","2022-06-20 22:25:31","","I agree.","FA12T","2","Firefox 101","Windows","N","N","2","3","3","2","2","2","","","","","","","","","","","","","","","","","","","","","","","","","","","","","","","","","","","","","","","","","","","","","","","","","4","2","2","5","5","4","5","5","5","5","5","5","5","4","4","4","5","5","5","5","5","5","5","5","Somewhat","Somewhat","Not at all","Not at all","Somewhat","Not at all","Somewhat","Somewhat","A little","Not at all","Somewhat","A little","Not at all","Not at all","A little","Somewhat","Somewhat","Not at all","Not at all","Somewhat","2","2","2","2","2","1","5","4","5","5","4","4","5","5","5","5","5","5","5","5","5","4","5","5","Somewhat","Somewhat","A little","Not at all","Somewhat","Somewhat","A little","Somewhat","Not at all","Not at all","Somewhat","Somewhat","Not at all","Not at all","A little","Somewhat","Very Much So","Not at all","A little","Somewhat","","","","","","","","","","","","","","","","","","","","","","","","","","","","","","","","","","","","","","","","","","","","","","","","","Once a week.","25","32","Female","14","Doctoral degree","","","","","","","","","","","Somewhat","A little","Somewhat","Very Much So","Somewhat","Not at all","A little","Very Much So","Very Much So","A little","Somewhat","A little","A little","Not at all","Very Much So","Somewhat","Somewhat","Somewhat","A little","A little","","","","","","","","","","","","","","","","","","","","","","","","","","","","","","","","","","652.8","","38.06","4.41","58.32","","","","","","","61.66","","","","","","","","","","","41.37","24.35","27.17","17.95","43.12","","40.32","45.2","18.49","25.33","50.95","","","","","","","","","","","21.7","20.14","6.48","4.16","10","6.79","","","","61.35","","","","","17.7","","7.78"
"108","2022-06-21 01:54:20","47","en","380727307","2022-06-21 01:41:39","2022-06-21 01:54:20","","I agree.","KS03C","1","Chrome 102","Android","Y","N","3","2","2","4","3","4","2","2","1","3","2","2","3","3","3","3","2","3","3","5","4","3","2","3","3","3","4","4","3","3","5","5","5","5","5","5","5","5","5","5","5","5","4","4","4","4","4","4","4","4","4","4","3","4","","","","","","","","","","","","","","","","","","","","","","","","","","","","","","","","","","","","","","","","","","","","","","","","","","","","","","","","","","","","","","","","","","","","","","","","","","","","","","","","","","","","","","","","","","","","","","","","","","","","","","","","","","","","","","","","","","","","","","","","","","","","","","","","","","","","","","","","","Almost daily.","17","26","Female","10","Bachelor degree","Disagree","Agree","Agree","Neutral","Strongly disagree","Neutral","Disagree","Neutral","Strongly agree","Agree","","","","","","","","","","","","","","","","","","","","","False","False","True","False","True","True","False","False","True","False","True","True","True","True","True","False","True","True","True","Agree","Strongly agree","Strongly agree","Strongly agree","Neither agree nor disagree","Agree","Neither agree nor disagree","Disagree","Agree","Agree","Neither agree nor disagree","Agree","","","764.9","","19.08","2.4","22.39","","","","","","","85.03","","41.25","39.99","55.07","45.67","45.01","34.37","38.26","32.55","","","","","","","","","","","","","","","","","","","","","","","4.35","22.55","4.97","4.29","5.65","6.32","","30.92","","","","89.14","130.51","","2.47","","2.66"
"115","2022-06-21 17:24:52","47","en","674964472","2022-06-21 17:09:23","2022-06-21 17:24:52","","I agree.","BN03M","2","Chrome 102","Windows","N","N","1","1","1","1","1","1","","","","","","","","","","","","","","","","","","","","","","","","","","","","","","","","","","","","","","","","","","","","","","","","","1","1","1","1","1","1","3","4","4","3","4","4","1","3","3","2","1","2","1","3","3","2","1","2","Somewhat","Somewhat","A little","A little","Somewhat","A little","A little","Somewhat","Not at all","A little","A little","A little","A little","A little","A little","A little","Not at all","A little","A little","A little","1","1","2","2","2","2","2","2","2","3","2","2","3","4","4","3","3","3","3","3","4","3","3","3","Somewhat","Somewhat","A little","A little","A little","A little","A little","Somewhat","Not at all","A little","A little","A little","A little","A little","Somewhat","Somewhat","Not at all","Not at all","A little","Somewhat","","","","","","","","","","","","","","","","","","","","","","","","","","","","","","","","","","","","","","","","","","","","","","","","","Almost daily.","22","62","Male","46","Doctoral degree","","","","","","","","","","","Very Much So","Not at all","Very Much So","Not at all","Not at all","Very Much So","Somewhat","A little","A little","Very Much So","Not at all","A little","Very Much So","Somewhat","A little","Very Much So","A little","A little","Somewhat","A little","","","","","","","","","","","","","","","","","","","","","","","","","","","","","","","","","","931.32","","41.05","15.39","61.31","","","","","","","75.16","","","","","","","","","","","47.38","46.65","74.86","40.78","86.21","","47.2","57.25","68.44","49.66","54.68","","","","","","","","","","","6.08","16.32","10.9","4.22","13.24","3.91","","","","100.27","","","","","5.66","","4.7"
"116","2022-06-21 19:47:47","47","en","1535560218","2022-06-21 19:22:58","2022-06-21 19:47:47","","I agree.","xx01h","2","Firefox 101","Windows","N","N","3","3","3","4","4","4","","","","","","","","","","","","","","","","","","","","","","","","","","","","","","","","","","","","","","","","","","","","","","","","","2","2","2","2","2","3","3","4","3","3","3","3","3","4","3","3","4","3","4","4","3","3","3","3","Very Much So","Very Much So","Not at all","Not at all","Very Much So","Not at all","A little","Very Much So","Not at all","Not at all","Somewhat","Not at all","Not at all","A little","Very Much So","Very Much So","A little","Not at all","Very Much So","Very Much So","2","2","2","3","3","3","3","4","4","3","3","3","3","3","4","3","4","3","3","4","4","3","3","3","Very Much So","Very Much So","Not at all","Not at all","Very Much So","Not at all","A little","Very Much So","Not at all","Not at all","Somewhat","Not at all","Not at all","Not at all","Very Much So","Very Much So","A little","Not at all","Very Much So","Not at all","","","","","","","","","","","","","","","","","","","","","","","","","","","","","","","","","","","","","","","","","","","","","","","","","Almost daily.","20","63","Female","43","Doctoral degree","","","","","","","","","","","Very Much So","Not at all","Very Much So","Very Much So","Not at all","Very Much So","Very Much So","Not at all","A little","Very Much So","Not at all","Somewhat","Very Much So","Somewhat","Not at all","Very Much So","A little","Somewhat","Very Much So","A little","","","","","","","","","","","","","","","","","","","","","","","","","","","","","","","","","No","1489.88","","24.37","9.02","79.28","","","","","","","109.94","","","","","","","","","","","82.17","89.07","97.98","71.64","308.25","","70.4","64.86","74.25","83.36","92.75","","","","","","","","","","","8.86","27.76","8.73","9.87","23.8","11.03","","","","126.46","","","","","5.31","","10.72"
"120","2022-06-22 16:47:30","47","en","416375441","2022-06-22 15:49:58","2022-06-22 16:47:30","","I agree.","EF12K","1","Firefox 101","Windows","N","N","4","3","4","3","3","4","3","2","2","2","2","2","3","2","2","2","2","2","2","2","2","2","2","2","2","2","2","2","2","2","5","5","5","4","5","5","5","5","5","4","5","5","4","3","4","2","2","4","4","4","4","3","3","4","","","","","","","","","","","","","","","","","","","","","","","","","","","","","","","","","","","","","","","","","","","","","","","","","","","","","","","","","","","","","","","","","","","","","","","","","","","","","","","","","","","","","","","","","","","","","","","","","","","","","","","","","","","","","","","","","","","","","","","","","","","","","","","","","","","","","","","","","Almost daily.","18","23","Female","7","Bachelor degree","Agree","Agree","Neutral","Neutral","Neutral","Disagree","Disagree","Neutral","Disagree","Neutral","","","","","","","","","","","","","","","","","","","","","False","True","False","False","True","True","False","False","False","False","False","False","False","True","False","False","False","False","False","Strongly agree","Agree","Agree","Agree","Neither agree nor disagree","Strongly agree","Disagree","Disagree","Strongly agree","Agree","Disagree","Neither agree nor disagree","","","3460.01","","2561.43","4.81","17.7","","","","","","","73.2","","56.11","45.57","45.54","58.32","45.55","41.57","54.04","58.76","","","","","","","","","","","","","","","","","","","","","","","8.11","28.84","8.99","5.08","10.16","6.72","","52.71","","","","122.13","137.33","","12.9","","4.44"
"125","2022-06-27 14:57:14","47","en","424821819","2022-06-27 14:41:16","2022-06-27 14:57:14","","I agree.","xx08BA","1","Firefox 101","Windows","N","N","3","4","4","4","2","3","2","1","2","2","2","1","3","4","5","4","2","4","3","4","4","3","2","4","1","1","2","1","1","1","3","2","4","2","3","3","2","2","2","2","1","2","5","5","5","5","5","5","5","5","5","5","5","5","","","","","","","","","","","","","","","","","","","","","","","","","","","","","","","","","","","","","","","","","","","","","","","","","","","","","","","","","","","","","","","","","","","","","","","","","","","","","","","","","","","","","","","","","","","","","","","","","","","","","","","","","","","","","","","","","","","","","","","","","","","","","","","","","","","","","","","","","Almost daily.","9","34","Female","17","Masters/Diploma degree","Disagree","Disagree","Disagree","Agree","Agree","Neutral","Disagree","Agree","Strongly disagree","Strongly agree","","","","","","","","","","","","","","","","","","","","","False","True","True","False","True","True","True","True","False","False","False","False","False","False","True","False","False","False","False","Agree","Agree","Neither agree nor disagree","Agree","Neither agree nor disagree","Disagree","Agree","Strongly disagree","Agree","Disagree","Disagree","Strongly disagree","","","959.07","","32.33","5.77","48.36","","","","","","","78.4","","44.33","55.26","53.67","48.33","62.69","71.03","40.01","36.23","","","","","","","","","","","","","","","","","","","","","","","7.6","26.97","6.85","5.91","22.97","9.17","","59.26","","","","112.98","119.22","","8.38","","3.35"
"126","2022-06-28 22:07:48","47","en","757993238","2022-06-28 21:51:21","2022-06-28 22:07:48","","I agree.","AJ13C","1","Firefox 101","Windows","N","N","2","2","3","1","2","2","1","1","2","1","1","1","1","2","2","2","1","2","1","2","3","2","1","2","2","1","","1","1","1","4","4","4","4","3","4","3","3","2","3","3","3","1","1","3","1","1","1","3","3","4","3","3","3","","","","","","","","","","","","","","","","","","","","","","","","","","","","","","","","","","","","","","","","","","","","","","","","","","","","","","","","","","","","","","","","","","","","","","","","","","","","","","","","","","","","","","","","","","","","","","","","","","","","","","","","","","","","","","","","","","","","","","","","","","","","","","","","","","","","","","","","","Once a week.","16","52","Male","36","Bachelor degree","Disagree","Neutral","Strongly disagree","Strongly agree","Disagree","Agree","Disagree","Strongly agree","Disagree","Strongly agree","","","","","","","","","","","","","","","","","","","","","False","True","False","False","True","True","False","True","True","False","True","True","False","False","True","False","False","False","True","Agree","Strongly agree","Strongly agree","Strongly agree","Agree","Strongly agree","Disagree","Strongly disagree","Strongly agree","Agree","Agree","Agree","","Videos sometimes took up to a minute to load. Otherwise everything was good.","990.47","","42.25","6.01","59.11","","","","","","","100.03","","49.79","85.93","53.36","47.52","58.18","53.92","66.9","62.77","","","","","","","","","","","","","","","","","","","","","","","11.31","13.3","7.94","4.91","18.13","7.37","","59.12","","","","71.71","75.36","","8.78","","26.77"
"127","2022-06-28 22:49:20","47","en","155626131","2022-06-28 22:37:28","2022-06-28 22:49:20","","I agree.","FG26H","1","Chrome 98","Windows","N","N","1","1","2","1","1","1","2","2","1","1","1","1","1","2","2","1","1","1","2","1","2","1","1","2","1","1","2","1","1","1","3","4","4","3","3","3","4","3","5","2","4","4","3","3","5","3","2","3","4","3","5","3","3","3","","","","","","","","","","","","","","","","","","","","","","","","","","","","","","","","","","","","","","","","","","","","","","","","","","","","","","","","","","","","","","","","","","","","","","","","","","","","","","","","","","","","","","","","","","","","","","","","","","","","","","","","","","","","","","","","","","","","","","","","","","","","","","","","","","","","","","","","","Almost daily.","18","34","Female","9","Bachelor degree","Agree","Neutral","Neutral","Disagree","Agree","Strongly disagree","Agree","Agree","Disagree","Agree","","","","","","","","","","","","","","","","","","","","","True","True","False","False","False","True","False","False","True","True","False","False","False","False","False","False","False","False","False","Agree","Agree","Disagree","Neither agree nor disagree","Neither agree nor disagree","Agree","Disagree","Disagree","Strongly agree","Neither agree nor disagree","Strongly agree","Agree","","","719.37","","4.9","4.67","28.29","","","","","","","32.84","","95.41","39.67","43.36","44.56","44.49","74.59","38.81","38.55","","","","","","","","","","","","","","","","","","","","","","","5.22","13.71","6.11","4.8","23.74","18.13","","40.26","","","","59.15","51.89","","3.41","","2.81"
"129","2022-06-29 11:03:58","47","en","92658089","2022-06-29 10:41:39","2022-06-29 11:03:58","","I agree.","CM09W","1","Chrome 101","Android","Y","N","2","2","3","1","1","1","1","1","1","1","1","1","3","4","4","3","1","3","3","3","3","3","1","2","1","2","1","1","1","1","4","3","4","1","3","1","3","3","4","1","3","2","5","4","4","2","3","3","5","4","4","3","3","2","","","","","","","","","","","","","","","","","","","","","","","","","","","","","","","","","","","","","","","","","","","","","","","","","","","","","","","","","","","","","","","","","","","","","","","","","","","","","","","","","","","","","","","","","","","","","","","","","","","","","","","","","","","","","","","","","","","","","","","","","","","","","","","","","","","","","","","","","Almost daily.","22","27","Female","10","University entrance school qualification, e.g. Abitur/Hochschulreife","Neutral","Agree","Neutral","Disagree","Disagree","Agree","Strongly disagree","Neutral","Disagree","Disagree","","","","","","","","","","","","","","","","","","","","","False","True","False","True","True","True","False","False","False","False","False","False","True","True","True","False","False","False","False","Agree","Agree","Neither agree nor disagree","Strongly agree","Neither agree nor disagree","Strongly agree","Strongly disagree","Disagree","Agree","Neither agree nor disagree","Neither agree nor disagree","Neither agree nor disagree","","","1293.15","","24.35","3.76","63","","","","","","","121.01","","62.77","58.68","60.93","61.79","86.98","48.98","70.1","52.64","","","","","","","","","","","","","","","","","","","","","","","8.16","17.96","7.68","6.79","11.43","11.08","","133.72","","","","145.29","223.76","","8.48","","3.81"
"132","2022-06-29 15:33:24","47","en","389068190","2022-06-29 15:19:31","2022-06-29 15:33:24","","I agree.","NH10D","1","Chrome 103","Windows","N","N","2","1","3","2","2","3","1","1","1","1","1","1","1","1","2","2","2","2","1","1","2","2","2","2","1","1","1","1","1","1","3","2","4","2","3","2","4","4","4","3","3","3","2","2","2","2","2","2","2","2","2","2","2","2","","","","","","","","","","","","","","","","","","","","","","","","","","","","","","","","","","","","","","","","","","","","","","","","","","","","","","","","","","","","","","","","","","","","","","","","","","","","","","","","","","","","","","","","","","","","","","","","","","","","","","","","","","","","","","","","","","","","","","","","","","","","","","","","","","","","","","","","","Not at all.","17","23","Male","4","Bachelor degree","Disagree","Agree","Disagree","Neutral","Agree","Agree","Disagree","Neutral","Disagree","Agree","","","","","","","","","","","","","","","","","","","","","False","True","False","True","True","True","True","True","True","False","True","False","True","False","True","True","False","False","False","Agree","Agree","Agree","Strongly agree","Strongly agree","Agree","Disagree","Strongly disagree","Neither agree nor disagree","Agree","Neither agree nor disagree","Neither agree nor disagree","","","841.23","","6.83","4.29","43.67","","","","","","","108.71","","30.57","48.72","46.56","42.68","39.45","25.97","28.46","21.75","","","","","","","","","","","","","","","","","","","","","","","12.11","44.94","7.13","3.8","15.94","10","","63.74","","","","106.41","100.32","","26.32","","2.86"
"135","2022-06-29 19:41:09","47","en","960726188","2022-06-29 19:27:14","2022-06-29 19:41:09","","I agree.","GS04V","1","Firefox 101","Windows","N","N","2","2","2","3","1","3","1","1","2","1","1","1","2","1","2","2","2","2","2","1","3","1","1","2","1","1","2","1","1","2","4","3","5","3","5","4","5","4","5","3","5","4","2","2","2","2","1","2","3","2","4","3","2","3","","","","","","","","","","","","","","","","","","","","","","","","","","","","","","","","","","","","","","","","","","","","","","","","","","","","","","","","","","","","","","","","","","","","","","","","","","","","","","","","","","","","","","","","","","","","","","","","","","","","","","","","","","","","","","","","","","","","","","","","","","","","","","","","","","","","","","","","","Almost daily.","16","36","Male","20","Bachelor degree","Agree","Agree","Strongly disagree","Strongly agree","Disagree","Strongly agree","Disagree","Agree","Strongly disagree","Strongly agree","","","","","","","","","","","","","","","","","","","","","False","True","False","False","True","False","False","False","True","False","True","True","True","True","False","False","False","False","True","Agree","Agree","Agree","Agree","Neither agree nor disagree","Agree","Neither agree nor disagree","Strongly disagree","Neither agree nor disagree","Agree","Disagree","Strongly agree","","","839.34","","3.66","4.9","45.98","","","","","","","46.35","","66.64","46.55","51.8","59.45","67.84","81.24","57.31","46.1","","","","","","","","","","","","","","","","","","","","","","","19.51","10.85","18.45","5.02","18.23","4.35","","45.28","","","","53.29","82.03","","2.12","","2.39"
"137","2022-06-29 19:57:41","47","en","2012476067","2022-06-29 19:45:54","2022-06-29 19:57:41","","I agree.","LJ01N","1","Chrome 103","Windows","N","N","1","1","1","1","1","1","1","1","1","1","2","2","1","2","1","2","1","2","2","1","2","1","1","2","1","1","1","1","1","2","3","3","4","3","5","4","5","3","5","2","5","4","3","2","3","1","3","3","2","2","3","1","2","2","","","","","","","","","","","","","","","","","","","","","","","","","","","","","","","","","","","","","","","","","","","","","","","","","","","","","","","","","","","","","","","","","","","","","","","","","","","","","","","","","","","","","","","","","","","","","","","","","","","","","","","","","","","","","","","","","","","","","","","","","","","","","","","","","","","","","","","","","Almost daily.","14","","Prefer not to say","11","Vocational training/Berufsausbildung","Agree","Neutral","Disagree","Agree","Neutral","Neutral","Disagree","Strongly agree","Strongly disagree","Agree","","","","","","","","","","","","","","","","","","","","","True","True","False","False","False","True","False","False","True","False","True","False","False","False","False","False","False","False","False","Agree","Agree","Neither agree nor disagree","Agree","Strongly agree","Agree","Disagree","Disagree","Neither agree nor disagree","Strongly agree","Neither agree nor disagree","Neither agree nor disagree","","","711.61","","9.05","6.35","46.74","","","","","","","25.73","","48.94","53.02","113.24","36.02","43.87","30.41","34.77","41.64","","","","","","","","","","","","","","","","","","","","","","","6.81","20.01","9.16","4.48","6.52","11.91","","41.24","","","","61.26","56.41","","2.04","","1.99"
"140","2022-06-29 23:40:39","47","en","616170522","2022-06-29 23:30:39","2022-06-29 23:40:39","","I agree.","TF11M","1","Chrome 102","Windows","N","N","1","1","3","1","1","1","1","1","2","1","1","1","1","1","2","1","1","1","2","2","2","2","2","2","1","1","2","1","1","1","3","3","4","1","4","4","3","3","4","2","5","4","2","2","3","3","2","3","2","2","4","3","3","3","","","","","","","","","","","","","","","","","","","","","","","","","","","","","","","","","","","","","","","","","","","","","","","","","","","","","","","","","","","","","","","","","","","","","","","","","","","","","","","","","","","","","","","","","","","","","","","","","","","","","","","","","","","","","","","","","","","","","","","","","","","","","","","","","","","","","","","","","Almost daily.","18","39","Female","23","Masters/Diploma degree","Neutral","Agree","Strongly disagree","Agree","Neutral","Neutral","Strongly disagree","Agree","Disagree","Agree","","","","","","","","","","","","","","","","","","","","","False","True","False","False","True","True","False","False","False","False","True","True","False","False","False","False","False","False","True","Neither agree nor disagree","Agree","Neither agree nor disagree","Agree","Neither agree nor disagree","Agree","Disagree","Disagree","Neither agree nor disagree","Agree","Neither agree nor disagree","Strongly disagree","","","603.55","","5.01","6.07","20.72","","","","","","","28.65","","42.58","38.49","47.03","38.19","33.94","53.1","47.4","46.38","","","","","","","","","","","","","","","","","","","","","","","7.75","8.43","9.1","10.2","10.8","6.36","","31.76","","","","54.95","51.23","","2.42","","2.99"
"141","2022-06-30 01:24:45","47","en","1830213120","2022-06-30 01:14:36","2022-06-30 01:24:45","","I agree.","SG07L","1","Firefox 100","Windows","N","N","3","3","3","3","3","3","2","1","1","1","2","1","2","2","2","2","1","2","1","2","1","1","1","2","2","1","1","1","1","2","4","4","5","3","5","4","5","4","5","3","5","4","3","3","5","4","3","4","3","3","5","4","3","4","","","","","","","","","","","","","","","","","","","","","","","","","","","","","","","","","","","","","","","","","","","","","","","","","","","","","","","","","","","","","","","","","","","","","","","","","","","","","","","","","","","","","","","","","","","","","","","","","","","","","","","","","","","","","","","","","","","","","","","","","","","","","","","","","","","","","","","","","Once a week.","16","56","Female","41","Bachelor degree","Disagree","Agree","Neutral","Agree","Neutral","Agree","Neutral","Agree","Neutral","Neutral","","","","","","","","","","","","","","","","","","","","","True","True","False","False","True","False","False","False","True","False","True","True","False","True","False","False","False","False","False","Agree","Agree","Neither agree nor disagree","Agree","Strongly agree","Strongly agree","Disagree","Disagree","Agree","Strongly agree","Agree","Disagree","","","614.75","","3.82","6.57","23.11","","","","","","","29.54","","43.17","39.43","43.74","51.97","38.35","36.34","44.63","40.19","","","","","","","","","","","","","","","","","","","","","","","8.35","10.75","11.33","7.63","18.2","5.42","","34.34","","","","56.32","56.76","","2.69","","2.1"
"144","2022-07-01 10:20:42","47","en","1775857571","2022-07-01 09:52:18","2022-07-01 10:20:42","","I agree.","SH06B","2","Chrome 102","Windows","N","N","1","1","3","1","1","1","","","","","","","","","","","","","","","","","","","","","","","","","","","","","","","","","","","","","","","","","","","","","","","","","1","1","4","1","1","1","4","2","4","2","4","2","1","2","2","1","1","1","2","2","3","1","2","2","Somewhat","Somewhat","A little","Not at all","Somewhat","Not at all","A little","A little","Not at all","Not at all","Somewhat","Not at all","Not at all","Somewhat","A little","A little","Not at all","A little","Not at all","A little","2","1","3","1","1","1","1","1","2","1","1","1","4","3","4","1","4","2","2","2","3","1","2","1","A little","A little","Not at all","Not at all","A little","Not at all","A little","A little","Not at all","Not at all","Somewhat","A little","Not at all","Not at all","Somewhat","Somewhat","Not at all","A little","A little","A little","","","","","","","","","","","","","","","","","","","","","","","","","","","","","","","","","","","","","","","","","","","","","","","","","Almost daily.","24","30","Male","13","Masters/Diploma degree","","","","","","","","","","","Somewhat","A little","Somewhat","A little","A little","A little","Somewhat","A little","A little","Somewhat","A little","A little","Somewhat","A little","A little","Somewhat","A little","A little","Somewhat","A little","","","","","","","","","","","","","","","","","","","","","","","","","","","","","","","","","","1704.41","","23.25","4.05","73.97","","","","","","","63.1","","","","","","","","","","","49.99","54.39","38.91","51.03","59.4","","981.85","35.04","45.48","45.4","43.66","","","","","","","","","","","7.57","23","3.85","5.53","10.91","6.21","","","","69.9","","","","","4.14","","3.78"
"154","2022-07-11 14:48:28","47","en","2052591565","2022-07-11 14:03:12","2022-07-11 14:48:28","","I agree.","XX01S","1","Firefox 102","Windows","N","N","3","3","2","1","2","2","2","2","2","1","1","2","2","2","1","2","1","2","2","2","2","2","1","2","2","2","2","1","1","2","5","3","5","3","5","4","4","4","4","3","5","4","3","3","3","2","4","4","3","3","4","4","3","4","","","","","","","","","","","","","","","","","","","","","","","","","","","","","","","","","","","","","","","","","","","","","","","","","","","","","","","","","","","","","","","","","","","","","","","","","","","","","","","","","","","","","","","","","","","","","","","","","","","","","","","","","","","","","","","","","","","","","","","","","","","","","","","","","","","","","","","","","Almost daily.","24","32","Male","15","Doctoral degree","Agree","Strongly disagree","Agree","Neutral","Disagree","Disagree","Neutral","Agree","Agree","Strongly agree","","","","","","","","","","","","","","","","","","","","","False","True","False","False","False","True","True","False","False","True","False","False","True","True","True","True","False","False","True","Strongly agree","Strongly agree","Neither agree nor disagree","Agree","Disagree","Strongly agree","Disagree","Strongly disagree","Agree","Neither agree nor disagree","Disagree","Agree","","Minor hint: Although the movies are supposed to play only once (not sure if this is intended or by technical limitations), it's possible to wind back before the video is completed.","2617.82","","7.22","842.12","51.1","","","","","","","772.32","","40.34","91.7","45.67","39.39","53.43","30.66","47.54","36.13","","","","","","","","","","","","","","","","","","","","","","","8.12","26.03","94.51","3.57","7.62","6.26","","71.9","","","","140.13","111.13","","13.83","","77.1"
"157","2022-07-11 14:19:27","47","en","996878263","2022-07-11 14:06:48","2022-07-11 14:19:27","","I agree.","Md06K","2","Firefox 102","Windows","N","N","2","2","2","2","2","2","","","","","","","","","","","","","","","","","","","","","","","","","","","","","","","","","","","","","","","","","","","","","","","","","1","1","1","1","1","1","4","4","4","5","5","5","2","2","2","2","2","2","3","3","3","3","3","3","Somewhat","Somewhat","A little","A little","Not at all","A little","A little","Somewhat","A little","A little","Somewhat","A little","Not at all","A little","Somewhat","Somewhat","A little","A little","Somewhat","Somewhat","1","1","1","1","1","1","2","2","3","3","2","3","4","3","4","4","5","4","3","3","4","3","2","3","Somewhat","A little","A little","Not at all","Somewhat","Not at all","A little","A little","A little","Not at all","Not at all","A little","Not at all","Somewhat","Somewhat","Somewhat","A little","A little","A little","A little","","","","","","","","","","","","","","","","","","","","","","","","","","","","","","","","","","","","","","","","","","","","","","","","","Almost daily.","16","30","Female","11","Vocational training/Berufsausbildung","","","","","","","","","","","","","","","","","","","","","","","","","","","","","","","","","","","","","","","","","","","","","","","","","","","","","","","","","","","","","","","","768.53","","50.67","20.61","68.9","","","","","","","81.79","","","","","","","","","","","27.65","38.42","26.95","50.81","42.49","","39.89","47.27","50.46","54.66","77.53","","","","","","","","","","","7.65","33.31","5.26","3.78","6.59","15.75","","","","6.65","","","","","8.98","","2.46"
"172","2022-07-11 14:54:06","47","en","780465860","2022-07-11 14:37:23","2022-07-11 14:54:06","","I agree.","SN09W","2","Firefox 102","Windows","N","N","5","5","4","2","4","3","","","","","","","","","","","","","","","","","","","","","","","","","","","","","","","","","","","","","","","","","","","","","","","","","5","2","2","2","2","3","5","5","5","4","5","5","2","3","4","2","2","4","3","3","4","2","3","3","Very Much So","Very Much So","Not at all","Not at all","Somewhat","Not at all","Not at all","Somewhat","Not at all","Not at all","Somewhat","Not at all","Not at all","Not at all","Somewhat","A little","A little","Not at all","Somewhat","A little","2","4","2","2","2","2","1","1","1","1","1","2","5","5","5","5","5","5","5","4","5","4","5","5","Very Much So","Very Much So","Not at all","Not at all","Somewhat","Not at all","Not at all","Somewhat","Not at all","Not at all","Somewhat","Not at all","Not at all","Not at all","Somewhat","A little","A little","Not at all","","A little","","","","","","","","","","","","","","","","","","","","","","","","","","","","","","","","","","","","","","","","","","","","","","","","","Almost daily.","22","27","Male","10","University entrance school qualification, e.g. Abitur/Hochschulreife","","","","","","","","","","","Somewhat","Not at all","Somewhat","Not at all","Not at all","A little","Somewhat","Not at all","Not at all","Somewhat","Not at all","Not at all","Somewhat","Somewhat","Not at all","Somewhat","A little","Not at all","Somewhat","Not at all","","","","","","","","","","","","","","","","","","","","","","","","","","","","","","","","","","894.7","","44","5.92","96.38","","","","","","","54.23","","","","","","","","","","","50.62","30.88","49.36","59.23","101.54","","113.46","53.52","36.16","25.66","36.45","","","","","","","","","","","10.57","22.63","5.89","4.87","7.42","9.33","","","","62.41","","","","","10.67","","3.5"
"181","2022-07-11 16:23:02","47","en","18862597","2022-07-11 16:03:34","2022-07-11 16:23:02","","I agree.","PT09S","2","Edge 103","Windows","N","N","1","2","2","2","3","4","","","","","","","","","","","","","","","","","","","","","","","","","","","","","","","","","","","","","","","","","","","","","","","","","2","2","2","2","2","4","5","5","5","4","4","5","2","4","3","2","2","4","2","4","2","3","3","4","Very Much So","Very Much So","Not at all","Not at all","Very Much So","Not at all","A little","Somewhat","Not at all","Not at all","Somewhat","Not at all","Not at all","Not at all","Very Much So","Somewhat","A little","A little","Very Much So","Somewhat","1","2","1","2","2","4","2","3","2","2","2","4","5","5","5","4","4","5","3","3","4","2","3","4","Somewhat","Very Much So","Not at all","A little","Very Much So","Not at all","Not at all","Somewhat","Not at all","Not at all","Very Much So","Not at all","A little","Not at all","Somewhat","Very Much So","A little","Not at all","Very Much So","Somewhat","","","","","","","","","","","","","","","","","","","","","","","","","","","","","","","","","","","","","","","","","","","","","","","","","Not at all.","17","27","Male","10","Bachelor degree","","","","","","","","","","","Very Much So","Not at all","Somewhat","Somewhat","Not at all","Somewhat","Somewhat","Not at all","Not at all","Somewhat","Not at all","A little","Very Much So","Somewhat","Not at all","Somewhat","Somewhat","A little","A little","Somewhat","","","","","","","","","","","","","","","","","","","","","","","","","","","","","","","","","no issues faced","1173.04","","58.35","22.96","79.15","","","","","","","174.98","","","","","","","","","","","57.69","53.58","66.39","60","131.69","","52.59","41.89","25.31","27.91","80.29","","","","","","","","","","","11.35","43.7","8.49","5.35","27.13","16.26","","","","94.83","","","","","9.57","","23.58"
"183","2022-07-11 16:36:49","47","en","228596015","2022-07-11 16:23:34","2022-07-11 16:36:49","","I agree.","ES07C","1","Firefox 102","Windows","N","N","2","2","2","2","3","2","1","2","2","2","2","2","3","5","4","3","3","5","3","5","4","3","3","5","2","2","2","2","2","2","4","4","4","3","5","4","4","4","4","4","5","4","3","4","4","3","4","4","3","5","4","3","4","4","","","","","","","","","","","","","","","","","","","","","","","","","","","","","","","","","","","","","","","","","","","","","","","","","","","","","","","","","","","","","","","","","","","","","","","","","","","","","","","","","","","","","","","","","","","","","","","","","","","","","","","","","","","","","","","","","","","","","","","","","","","","","","","","","","","","","","","","","Once a week.","18","24","Female","6","Bachelor degree","Agree","Disagree","Agree","Disagree","Disagree","Agree","Neutral","Strongly agree","Agree","Strongly agree","","","","","","","","","","","","","","","","","","","","","False","True","False","False","True","True","True","False","False","False","True","False","False","True","False","False","False","False","False","Strongly agree","Strongly agree","Agree","Strongly agree","Neither agree nor disagree","Agree","Disagree","Disagree","Agree","Neither agree nor disagree","Disagree","Disagree","","","769.86","","4.94","12.58","63.33","","","","","","","65.92","","40.89","65.15","42.87","35.47","46.33","36.08","36.85","43.81","","","","","","","","","","","","","","","","","","","","","","","8.85","12.31","4.79","4.64","4.2","6.25","","44.18","","","","81.05","89.04","","8.23","","12.1"
"194","2022-07-11 18:17:46","47","en","777812488","2022-07-11 18:06:46","2022-07-11 18:17:46","","I agree.","LX07M","3","iPhone 0","iPhone","Y","N","3","3","4","1","1","1","","","","","","","","","","","","","","","","","","","","","","","","","","","","","","","","","","","","","","","","","","","","","","","","","","","","","","","","","","","","","","","","","","","","","","","","","","","","","","","","","","","","","","","","","","","","","","","","","","","","","","","","","","","","","","","","","","","","","","","","","","","","","","","","","","","","","","","","","4","4","2","2","2","1","2","1","2","1","1","1","2","2","3","2","2","2","2","2","3","1","1","1","3","3","4","2","5","3","4","4","4","2","5","3","2","2","3","2","1","1","2","4","5","3","1","2","Less than once a month.","19","30","Female","9","Masters/Diploma degree","Agree","Agree","Agree","Agree","Disagree","Neutral","Neutral","Neutral","Disagree","Agree","","","","","","","","","","","","","","","","","","","","","","","","","","","","","","","","","","","","","","","","","","","","","","","","","","","","","","662.52","","6.89","5.46","63.13","","","","","","","73.7","","","","","","","","","","","","","","","","","","","","","","","31.1","36.51","51.18","42.59","35.59","43.04","53.16","36.11","","12.35","38.16","6.54","4.89","11.05","10.98","","83.89","","","","","","","12.95","","3.25"
"197","2022-07-11 18:37:11","47","en","476206833","2022-07-11 18:24:04","2022-07-11 18:37:11","","I agree.","LC04C","3","iPhone 15","iPhone","Y","N","3","4","1","1","3","3","","","","","","","","","","","","","","","","","","","","","","","","","","","","","","","","","","","","","","","","","","","","","","","","","","","","","","","","","","","","","","","","","","","","","","","","","","","","","","","","","","","","","","","","","","","","","","","","","","","","","","","","","","","","","","","","","","","","","","","","","","","","","","","","","","","","","","","","","2","2","2","2","1","2","5","1","1","1","1","1","4","3","4","4","2","4","4","4","2","2","2","2","5","4","5","4","5","4","5","5","5","5","5","5","4","3","4","4","3","3","4","4","4","4","3","3","Less than once a month.","17","23","Male","4","Bachelor degree","Agree","Neutral","Neutral","Agree","Disagree","Agree","Agree","Agree","Agree","Neutral","","","","","","","","","","","","","","","","","","","","","","","","","","","","","","","","","","","","","","","","","","","","","","","","","","","","","","791.18","","17.34","3.45","70.21","","","","","","","108.06","","","","","","","","","","","","","","","","","","","","","","","44.25","42.65","63.57","48.07","46.25","40.6","47.18","60.77","","10.74","25.04","4.45","4.79","9.18","8.37","","103.13","","","","","","","25.09","","7.99"
"213","2022-07-12 00:07:13","47","en","1325641893","2022-07-11 23:45:11","2022-07-12 00:07:13","","I agree.","HW11I","2","Firefox 102","Windows","N","N","5","5","4","5","5","5","","","","","","","","","","","","","","","","","","","","","","","","","","","","","","","","","","","","","","","","","","","","","","","","","4","2","3","3","2","3","5","5","5","5","5","5","3","3","3","3","3","4","4","4","4","4","4","5","Very Much So","Very Much So","Not at all","Not at all","Very Much So","Not at all","Not at all","Somewhat","Not at all","Not at all","Somewhat","Not at all","Not at all","A little","Very Much So","Somewhat","Not at all","A little","Somewhat","Somewhat","2","1","3","2","2","2","2","2","2","2","2","2","5","4","4","3","5","5","4","3","2","4","4","4","Very Much So","Very Much So","Not at all","Not at all","Very Much So","Not at all","Not at all","Somewhat","Not at all","Not at all","A little","Not at all","Not at all","A little","Very Much So","Somewhat","Not at all","A little","Somewhat","Somewhat","","","","","","","","","","","","","","","","","","","","","","","","","","","","","","","","","","","","","","","","","","","","","","","","","Almost daily.","15","21","Male","5","University entrance school qualification, e.g. Abitur/Hochschulreife","","","","","","","","","","","Somewhat","Somewhat","A little","A little","Not at all","Somewhat","Somewhat","A little","A little","Somewhat","Not at all","Somewhat","Somewhat","A little","Somewhat","Somewhat","A little","A little","A little","A little","","","","","","","","","","","","","","","","","","","","","","","","","","","","","","","","","Most of the time I had to rewind the videos back to the beginning because the image was stationary and the ""timer"" was moving already, but it worked after rewinding. Unsure if it is an issue with the video host or on my end.
","1318.13","","25.06","14.64","60.57","","","","","","","121.94","","","","","","","","","","","73.64","41.23","62.75","115.62","36.69","","57.7","49.93","58.46","175.37","64.2","","","","","","","","","","","8.39","38.18","4.93","8.51","17.03","6.12","","","","179.15","","","","","7.62","","90.4"
"229","2022-07-12 16:23:13","47","en","1085388873","2022-07-12 15:10:56","2022-07-12 16:23:13","","I agree.","FH10B","3","Chrome 103","Android","Y","N","3","2","4","2","3","2","","","","","","","","","","","","","","","","","","","","","","","","","","","","","","","","","","","","","","","","","","","","","","","","","","","","","","","","","","","","","","","","","","","","","","","","","","","","","","","","","","","","","","","","","","","","","","","","","","","","","","","","","","","","","","","","","","","","","","","","","","","","","","","","","","","","","","","","","1","1","2","2","2","2","1","1","2","2","2","2","4","4","4","3","4","3","3","3","3","3","3","3","1","1","1","2","3","2","4","3","3","3","3","2","3","4","3","4","4","4","3","4","4","4","4","4","Not at all.","19","26","Female","1","Masters/Diploma degree","Neutral","Agree","Neutral","Neutral","Agree","Neutral","Agree","Agree","Neutral","Strongly agree","","","","","","","","","","","","","","","","","","","","","","","","","","","","","","","","","","","","","","","","","","","","","","","","","","","","","","1105.01","","26.74","4.18","137.04","","","","","","","45.49","","","","","","","","","","","","","","","","","","","","","","","31.02","95.73","109.22","87.79","165.86","76.74","106.37","62.59","","9.48","25.65","6.13","3.24","15.3","8.44","","66.63","","","","","","","13.97","","7.4"
"230","2022-07-12 15:40:53","47","en","1959089167","2022-07-12 15:13:20","2022-07-12 15:40:53","","I agree.","KM10H","1","iPhone 12","iPhone","Y","N","2","2","3","3","3","3","1","2","3","2","2","2","3","3","3","3","4","3","2","2","2","2","2","2","2","2","2","2","2","3","4","3","5","4","4","4","3","3","2","3","4","3","3","3","4","4","3","4","3","3","4","3","4","4","","","","","","","","","","","","","","","","","","","","","","","","","","","","","","","","","","","","","","","","","","","","","","","","","","","","","","","","","","","","","","","","","","","","","","","","","","","","","","","","","","","","","","","","","","","","","","","","","","","","","","","","","","","","","","","","","","","","","","","","","","","","","","","","","","","","","","","","","Once a week.","20","25","Female","5","Masters/Diploma degree","Agree","Neutral","Agree","Disagree","Disagree","Disagree","Disagree","Agree","Neutral","Agree","","","","","","","","","","","","","","","","","","","","","False","True","False","False","True","False","False","False","False","False","True","False","False","True","False","False","False","False","False","Agree","Agree","Neither agree nor disagree","Agree","Neither agree nor disagree","Agree","Neither agree nor disagree","Disagree","Agree","Agree","Agree","Agree","","","1452.46","","27.43","7.15","155.15","","","","","","","183.69","","90.31","69.47","91.31","70.65","107.9","78.6","58.1","74.05","","","","","","","","","","","","","","","","","","","","","","","16.46","33.71","18.73","9.69","14.23","9.1","","49.08","","","","99.33","138.78","","41.31","","8.23"
"231","2022-07-12 16:00:16","47","en","752781984","2022-07-12 15:43:01","2022-07-12 16:00:16","","I agree.","XX09K","1","iPhone 15","iPhone","Y","N","3","3","4","3","3","2","1","1","1","1","1","1","1","1","1","1","1","1","1","1","1","1","1","1","2","2","2","2","2","2","5","5","5","5","5","5","4","5","5","4","4","2","3","4","4","4","4","2","5","5","5","5","5","4","","","","","","","","","","","","","","","","","","","","","","","","","","","","","","","","","","","","","","","","","","","","","","","","","","","","","","","","","","","","","","","","","","","","","","","","","","","","","","","","","","","","","","","","","","","","","","","","","","","","","","","","","","","","","","","","","","","","","","","","","","","","","","","","","","","","","","","","","Not at all.","18","26","Female","5","Bachelor degree","Agree","Agree","Agree","Disagree","Disagree","Agree","Agree","Agree","Agree","Disagree","","","","","","","","","","","","","","","","","","","","","True","True","False","True","False","True","False","False","True","False","False","False","False","False","False","False","False","False","False","Agree","Agree","Disagree","Agree","Agree","Agree","Disagree","Disagree","Agree","Agree","Agree","Disagree","","","1022.29","","18.47","4.23","77.06","","","","","","","167.4","","36.4","37.39","39.79","47.04","62.79","40.78","56.42","35.92","","","","","","","","","","","","","","","","","","","","","","","13.95","17.14","9.18","6.09","8.31","7.83","","75.8","","","","116.71","133.83","","3.11","","6.65"
"235","2022-07-12 20:33:15","47","en","1353091757","2022-07-12 20:15:39","2022-07-12 20:33:15","","I agree.","MA02T","3","Chrome 96","Android","Y","N","3","2","3","3","2","3","","","","","","","","","","","","","","","","","","","","","","","","","","","","","","","","","","","","","","","","","","","","","","","","","","","","","","","","","","","","","","","","","","","","","","","","","","","","","","","","","","","","","","","","","","","","","","","","","","","","","","","","","","","","","","","","","","","","","","","","","","","","","","","","","","","","","","","","","2","1","3","1","1","1","2","1","2","1","1","1","1","2","2","1","1","2","1","1","2","1","1","1","4","3","3","3","3","3","4","4","4","4","4","4","3","2","2","2","2","2","2","4","4","3","3","3","Once a week.","18","26","Female","5","Bachelor degree","Agree","Agree","Disagree","Disagree","Agree","Neutral","Neutral","Neutral","Strongly agree","Neutral","","","","","","","","","","","","","","","","","","","","","","","","","","","","","","","","","","","","","","","","","","","","","","","","","","","","","","1046.51","","9.02","5.08","122.83","","","","","","","167.31","","","","","","","","","","","","","","","","","","","","","","","51.89","50.08","52.79","58.44","53.75","52.06","113.94","125.73","","14.5","15.17","7.27","10.46","9.9","19.16","","75.9","","","","","","","21.79","","9.44"
"255","2022-07-15 00:31:36","47","en","418959825","2022-07-14 23:33:47","2022-07-15 00:31:36","","I agree.","P M 04 T","3","Chrome 103","Windows","N","N","3","5","4","4","5","5","","","","","","","","","","","","","","","","","","","","","","","","","","","","","","","","","","","","","","","","","","","","","","","","","","","","","","","","","","","","","","","","","","","","","","","","","","","","","","","","","","","","","","","","","","","","","","","","","","","","","","","","","","","","","","","","","","","","","","","","","","","","","","","","","","","","","","","","","1","1","2","1","1","1","1","1","2","1","1","1","2","3","3","2","2","3","1","1","2","1","1","1","2","1","3","1","1","1","3","3","5","3","3","4","2","2","2","3","3","4","3","4","3","4","4","4","Almost daily.","15","21","Female","2","Bachelor degree","Neutral","Strongly agree","Neutral","Strongly disagree","Strongly disagree","Neutral","Disagree","Neutral","Disagree","Strongly agree","","","","","","","","","","","","","","","","","","","","","","","","","","","","","","","","","","","","","","","","","","","","","","","","","","","","","no","3194.02","","10.8","11.29","54.79","","","","","","","162.22","","","","","","","","","","","","","","","","","","","","","","","131.85","431.92","106.54","235.29","89.02","110.66","154","113.49","","60.66","15.98","5.18","4.15","5.89","10.55","","88.21","","","","","","","1383.98","","7.55"
"260","2022-07-17 16:19:05","47","en","284308412","2022-07-17 16:03:05","2022-07-17 16:19:05","","I agree.","NI03T","3","iPhone 15","iPhone","Y","N","5","4","1","3","3","3","","","","","","","","","","","","","","","","","","","","","","","","","","","","","","","","","","","","","","","","","","","","","","","","","","","","","","","","","","","","","","","","","","","","","","","","","","","","","","","","","","","","","","","","","","","","","","","","","","","","","","","","","","","","","","","","","","","","","","","","","","","","","","","","","","","","","","","","","2","2","2","2","2","3","2","2","2","2","2","3","3","3","4","2","2","3","3","4","3","2","2","3","5","5","5","2","2","3","3","3","4","2","2","3","4","4","5","2","2","3","3","2","2","2","2","2","Less than once a month.","12","","Male","16","Bachelor degree","Strongly agree","Strongly agree","Disagree","Agree","Agree","Agree","Disagree","Agree","Disagree","Agree","","","","","","","","","","","","","","","","","","","","","","","","","","","","","","","","","","","","","","","","","","","","","","","","","","","","","","959.62","","9","2.8","84.01","","","","","","","170.17","","","","","","","","","","","","","","","","","","","","","","","51.37","49.77","39.31","53.5","49.75","66.29","53.54","97.36","","17.67","15.25","1.98","9.48","28.21","17.63","","124.12","","","","","","","8.6","","9.81"
"261","2022-07-17 17:48:53","47","en","473790812","2022-07-17 17:33:07","2022-07-17 17:48:53","","I agree.","xx09s","2","Chrome 103","Apple","N","N","3","4","1","3","3","4","","","","","","","","","","","","","","","","","","","","","","","","","","","","","","","","","","","","","","","","","","","","","","","","","1","1","1","2","2","2","5","5","5","4","4","4","2","2","4","3","3","3","1","4","5","4","3","4","Somewhat","Not at all","A little","A little","Not at all","A little","Not at all","Somewhat","Not at all","Not at all","A little","Very Much So","Not at all","Not at all","A little","A little","A little","A little","A little","Somewhat","1","1","1","1","2","2","1","4","4","4","4","4","5","5","5","5","5","5","1","3","3","3","3","3","Not at all","A little","A little","A little","A little","A little","Not at all","Not at all","Not at all","A little","Not at all","A little","A little","A little","Not at all","Not at all","A little","A little","Not at all","A little","","","","","","","","","","","","","","","","","","","","","","","","","","","","","","","","","","","","","","","","","","","","","","","","","Less than once a month.","19","26","Female","3","Masters/Diploma degree","","","","","","","","","","","A little","A little","A little","Somewhat","Somewhat","Not at all","Not at all","Not at all","Not at all","A little","A little","A little","Not at all","Not at all","Not at all","Not at all","A little","A little","Somewhat","A little","","","","","","","","","","","","","","","","","","","","","","","","","","","","","","","","","","946.16","","4.01","4.26","67.64","","","","","","","107.54","","","","","","","","","","","54.17","54.36","45.64","61.67","118.32","","38.07","32.19","35.89","37.21","73.38","","","","","","","","","","","14.74","39.34","7.23","5.82","7.38","9.34","","","","115.4","","","","","6.46","","6.1"
"262","2022-07-18 11:09:46","47","en","302226690","2022-07-18 10:48:33","2022-07-18 11:09:46","","I agree.","AR06T","2","Chrome 103","Windows","N","N","4","4","5","3","1","3","","","","","","","","","","","","","","","","","","","","","","","","","","","","","","","","","","","","","","","","","","","","","","","","","2","3","1","2","2","2","4","4","4","3","4","4","2","2","2","2","2","2","3","2","2","2","3","3","Somewhat","Somewhat","A little","A little","Somewhat","Not at all","A little","Somewhat","Not at all","A little","Somewhat","Not at all","Not at all","A little","Somewhat","A little","A little","A little","Somewhat","Somewhat","2","1","3","1","1","2","2","2","2","2","2","2","4","3","4","3","4","3","2","3","2","3","2","2","A little","Somewhat","Somewhat","Somewhat","Somewhat","Not at all","A little","A little","A little","Somewhat","Somewhat","Somewhat","A little","Not at all","Somewhat","A little","A little","Somewhat","A little","A little","","","","","","","","","","","","","","","","","","","","","","","","","","","","","","","","","","","","","","","","","","","","","","","","","Almost daily.","19","25","Female","7","Bachelor degree","","","","","","","","","","","Somewhat","Somewhat","Somewhat","A little","Somewhat","A little","A little","Somewhat","Very Much So","Somewhat","Somewhat","Somewhat","Somewhat","A little","Somewhat","Somewhat","Very Much So","Very Much So","Somewhat","Very Much So","","","","","","","","","","","","","","","","","","","","","","","","","","","","","","","","","","1277.51","","5.88","27.12","124.11","","","","","","","114.54","","","","","","","","","","","46.28","49.18","42.51","40.3","47.86","","64.33","53.92","59.46","134.93","182.58","","","","","","","","","","","10.12","47.75","6.72","6.75","11.78","30.68","","","","155.49","","","","","9.18","","6.04"
"267","2022-07-18 14:44:36","47","en","2081571810","2022-07-18 13:52:07","2022-07-18 14:44:36","","I agree.","SH09T","2","Chrome 103","Windows","N","N","4","4","3","2","2","2","","","","","","","","","","","","","","","","","","","","","","","","","","","","","","","","","","","","","","","","","","","","","","","","","2","2","3","3","3","3","3","3","3","3","3","3","3","2","3","3","3","3","3","3","3","4","3","4","Somewhat","Somewhat","A little","A little","Not at all","Not at all","A little","A little","A little","Somewhat","Somewhat","A little","A little","A little","Somewhat","Somewhat","Somewhat","A little","A little","A little","3","3","3","3","3","3","3","3","3","3","3","3","3","3","3","3","3","3","3","3","3","3","3","3","A little","Somewhat","A little","A little","A little","A little","Somewhat","Somewhat","Somewhat","Somewhat","Somewhat","Somewhat","Somewhat","A little","A little","Somewhat","Somewhat","Somewhat","Somewhat","Somewhat","","","","","","","","","","","","","","","","","","","","","","","","","","","","","","","","","","","","","","","","","","","","","","","","","Almost daily.","30","43","Female","20","Masters/Diploma degree","","","","","","","","","","","Somewhat","Somewhat","Somewhat","Somewhat","Not at all","A little","Somewhat","Somewhat","A little","Somewhat","A little","Not at all","Very Much So","Somewhat","Not at all","Somewhat","Not at all","A little","Very Much So","Somewhat","","","","","","","","","","","","","","","","","","","","","","","","","","","","","","","","","","3140.59","","269.22","14.7","189.76","","","","","","","391.35","","","","","","","","","","","277.17","180.43","246.21","201.55","207.47","","21.51","434.7","28.46","183.76","88.54","","","","","","","","","","","16.91","36.87","11.87","9.17","11.69","14.84","","","","276.6","","","","","20.21","","7.6"
"270","2022-07-18 21:27:32","47","en","908226725","2022-07-18 20:07:13","2022-07-18 21:27:32","","I agree.","XX09T","3","Safari 15","Apple","N","N","2","2","3","4","4","4","","","","","","","","","","","","","","","","","","","","","","","","","","","","","","","","","","","","","","","","","","","","","","","","","","","","","","","","","","","","","","","","","","","","","","","","","","","","","","","","","","","","","","","","","","","","","","","","","","","","","","","","","","","","","","","","","","","","","","","","","","","","","","","","","","","","","","","","","2","2","3","2","2","2","1","1","1","1","1","1","2","2","2","3","3","3","2","2","3","2","2","2","5","4","5","4","5","5","5","5","5","5","5","5","4","3","4","4","4","4","4","4","4","4","4","4","Not at all.","18","26","Male","4","Bachelor degree","Agree","Agree","Neutral","Strongly agree","Agree","Neutral","Agree","Agree","Disagree","Agree","","","","","","","","","","","","","","","","","","","","","","","","","","","","","","","","","","","","","","","","","","","","","","","","","","","","","","3982.62","","57.38","8.29","1689.84","","","","","","","1210.18","","","","","","","","","","","","","","","","","","","","","","","44.59","47.12","82.86","68.63","47.65","133.83","150.33","44.21","","24.82","27.46","81.05","4.29","30.17","17.09","","195.79","","","","","","","5.89","","11.15"
"273","2022-07-21 16:04:39","47","en","1833695874","2022-07-21 15:45:07","2022-07-21 16:04:39","","I agree.","BG09J","2","Chrome 103","Windows","N","N","1","3","3","2","1","3","","","","","","","","","","","","","","","","","","","","","","","","","","","","","","","","","","","","","","","","","","","","","","","","","4","2","1","1","1","1","4","4","5","3","4","3","1","1","2","1","1","1","2","2","3","2","2","2","Somewhat","Very Much So","A little","Not at all","Very Much So","Not at all","Not at all","Somewhat","Not at all","Not at all","Somewhat","A little","Not at all","Not at all","Somewhat","Very Much So","Not at all","A little","Very Much So","Very Much So","1","1","2","1","2","1","1","1","2","2","1","1","4","4","5","4","4","4","3","2","2","3","2","2","Somewhat","Somewhat","Very Much So","Not at all","Somewhat","Not at all","A little","Very Much So","Not at all","A little","Somewhat","Not at all","Not at all","Not at all","Somewhat","Somewhat","Not at all","Not at all","Somewhat","Somewhat","","","","","","","","","","","","","","","","","","","","","","","","","","","","","","","","","","","","","","","","","","","","","","","","","Less than once a month.","20","27","Female","8","Bachelor degree","","","","","","","","","","","Very Much So","A little","Very Much So","Not at all","Not at all","Very Much So","Somewhat","A little","Not at all","Very Much So","Not at all","Not at all","Very Much So","Somewhat","A little","Somewhat","Not at all","Not at all","Very Much So","Not at all","","","","","","","","","","","","","","","","","","","","","","","","","","","","","","","","","no, but I just noticed the steering wheel was not rotating when the car was moving left and right ","1167.68","","9.75","4.47","65.88","","","","","","","125.83","","","","","","","","","","","81.74","61.67","53.64","75.47","57.51","","67.61","87.86","54.38","69.16","70.17","","","","","","","","","","","10.63","79.99","7.51","7.79","15","8.8","","","","52.89","","","","","63.29","","36.64"
"274","2022-07-23 11:54:58","47","en","1326624653","2022-07-23 11:36:09","2022-07-23 11:54:58","","I agree.","S10K","3","Safari 15","Apple","N","N","3","2","3","2","4","2","","","","","","","","","","","","","","","","","","","","","","","","","","","","","","","","","","","","","","","","","","","","","","","","","","","","","","","","","","","","","","","","","","","","","","","","","","","","","","","","","","","","","","","","","","","","","","","","","","","","","","","","","","","","","","","","","","","","","","","","","","","","","","","","","","","","","","","","","1","1","2","1","1","1","2","2","2","2","3","3","2","2","3","2","2","2","2","2","2","3","1","3","2","3","4","1","4","2","3","2","4","1","2","3","5","5","5","4","4","4","4","4","5","4","3","4","Less than once a month.","17","27","Female","1","Bachelor degree","Neutral","Strongly agree","Disagree","Disagree","Strongly disagree","Agree","Strongly disagree","Agree","Agree","Disagree","","","","","","","","","","","","","","","","","","","","","","","","","","","","","","","","","","","","","","","","","","","","","","","","","","","","","","1135.89","","14.08","3.44","211.59","","","","","","","138.22","","","","","","","","","","","","","","","","","","","","","","","53.64","42.38","66.83","51.16","68.69","84.52","51.97","33.24","","24.98","50.79","18","6.04","13.11","11.39","","147.93","","","","","","","40.26","","3.63"
"281","2022-07-25 14:42:36","47","en","447104396","2022-07-25 14:20:43","2022-07-25 14:42:36","","I agree.","DS03B","3","Chrome 96","Android","Y","N","4","3","4","4","4","3","","","","","","","","","","","","","","","","","","","","","","","","","","","","","","","","","","","","","","","","","","","","","","","","","","","","","","","","","","","","","","","","","","","","","","","","","","","","","","","","","","","","","","","","","","","","","","","","","","","","","","","","","","","","","","","","","","","","","","","","","","","","","","","","","","","","","","","","","1","1","1","1","1","2","1","1","2","2","2","2","1","1","2","2","2","2","2","1","2","2","2","2","3","3","3","2","4","3","4","5","5","4","5","5","3","2","2","2","2","3","3","3","3","3","3","4","Less than once a month.","18","24","Male","7","Bachelor degree","Agree","Agree","Strongly agree","Agree","Strongly agree","Strongly agree","Disagree","Neutral","Disagree","Strongly agree","","","","","","","","","","","","","","","","","","","","","","","","","","","","","","","","","","","","","","","","","","","","","","","","","","","","","","1234.66","","33.93","405.4","69.59","","","","","","","118.26","","","","","","","","","","","","","","","","","","","","","","","35.5","43.97","41.24","53.42","58.23","53.74","49.16","47.1","","18.62","21.53","6.11","5.62","17.25","7.72","","122.7","","","","","","","18.69","","6.88"
"283","2022-07-25 15:52:30","47","en","624230182","2022-07-25 15:41:11","2022-07-25 15:52:30","","I agree.","MS05W","3","Chrome 100","Windows","N","N","1","1","1","1","2","1","","","","","","","","","","","","","","","","","","","","","","","","","","","","","","","","","","","","","","","","","","","","","","","","","","","","","","","","","","","","","","","","","","","","","","","","","","","","","","","","","","","","","","","","","","","","","","","","","","","","","","","","","","","","","","","","","","","","","","","","","","","","","","","","","","","","","","","","","1","1","1","1","1","1","1","1","1","1","1","1","4","4","4","4","2","3","2","2","2","2","1","1","5","4","5","4","5","4","5","4","5","2","5","4","5","5","5","5","2","4","5","4","4","3","3","3","Once a week.","16","28","Female","10","Bachelor degree","Strongly agree","Agree","Agree","Disagree","Neutral","Disagree","Agree","Strongly agree","Strongly agree","Strongly agree","","","","","","","","","","","","","","","","","","","","","","","","","","","","","","","","","","","","","","","","","","","","","","","","","","","","","","677.08","","23.49","37.33","49.24","","","","","","","77.09","","","","","","","","","","","","","","","","","","","","","","","32.39","43.3","69.16","32.46","43.41","30.52","75.92","36.41","","8.4","32.71","7.58","3.41","12.36","7.28","","37.78","","","","","","","13.37","","3.47"
"295","2022-07-25 16:50:08","47","en","901932365","2022-07-25 16:36:03","2022-07-25 16:50:08","","I agree.","UN04S","3","Chrome 102","Windows","N","N","2","2","3","1","2","3","","","","","","","","","","","","","","","","","","","","","","","","","","","","","","","","","","","","","","","","","","","","","","","","","","","","","","","","","","","","","","","","","","","","","","","","","","","","","","","","","","","","","","","","","","","","","","","","","","","","","","","","","","","","","","","","","","","","","","","","","","","","","","","","","","","","","","","","","1","1","2","1","1","1","1","1","1","1","1","1","2","2","3","2","1","2","1","1","1","1","1","1","5","5","5","4","5","5","5","5","5","4","5","4","2","2","3","2","2","2","2","2","2","1","1","2","Once a week.","13","59","Female","41","Vocational training/Berufsausbildung","Neutral","Agree","Neutral","Neutral","Neutral","Agree","Neutral","Agree","Disagree","Neutral","","","","","","","","","","","","","","","","","","","","","","","","","","","","","","","","","","","","","","","","","","","","","","","","","","","","","","829.08","","9.29","3.48","61.58","","","","","","","122.3","","","","","","","","","","","","","","","","","","","","","","","54.73","62.84","53.44","47.57","52.83","37.05","43.78","84.09","","9.8","24.71","15.38","5.29","18.14","20.27","","90.68","","","","","","","7.25","","4.58"
"299","2022-07-25 18:24:46","47","en","1607154423","2022-07-25 17:32:17","2022-07-25 18:24:46","","I agree.","SL02G","3","Firefox 102","Windows","N","N","2","1","2","2","2","3","","","","","","","","","","","","","","","","","","","","","","","","","","","","","","","","","","","","","","","","","","","","","","","","","","","","","","","","","","","","","","","","","","","","","","","","","","","","","","","","","","","","","","","","","","","","","","","","","","","","","","","","","","","","","","","","","","","","","","","","","","","","","","","","","","","","","","","","","3","4","4","5","3","4","1","1","1","2","2","2","1","3","4","3","2","4","1","2","2","1","1","2","3","2","4","2","4","4","5","5","4","5","5","5","3","4","4","5","3","5","4","4","4","5","4","5","Once a month.","20","32","Female","15","Masters/Diploma degree","Neutral","Strongly agree","Strongly agree","Neutral","Agree","Disagree","Agree","Agree","Agree","Neutral","","","","","","","","","","","","","","","","","","","","","","","","","","","","","","","","","","","","","","","","","","","","","","","","","","","","","videos were slow to load/start, sometimes short interruptions during the video","2093.84","","308.15","12.68","87.3","","","","","","","817.5","","","","","","","","","","","","","","","","","","","","","","","129.79","67.65","79.11","75.5","116.58","55.67","80.75","72.21","","12.06","29.29","5.09","4.84","8.49","8.95","","80.89","","","","","","","9.95","","31.39"
"331","2022-07-26 16:01:17","47","en","1733970236","2022-07-26 15:52:42","2022-07-26 16:01:17","","I agree.","FT02Gj","3","Chrome 103","Android","Y","N","3","3","4","4","4","4","","","","","","","","","","","","","","","","","","","","","","","","","","","","","","","","","","","","","","","","","","","","","","","","","","","","","","","","","","","","","","","","","","","","","","","","","","","","","","","","","","","","","","","","","","","","","","","","","","","","","","","","","","","","","","","","","","","","","","","","","","","","","","","","","","","","","","","","","2","2","2","3","3","3","2","1","1","2","2","2","3","3","2","3","2","3","2","2","2","4","3","3","4","4","5","5","5","5","4","5","5","5","5","5","3","4","4","3","4","4","3","4","3","3","3","3","Almost daily.","17","31","Male","13","Masters/Diploma degree","Agree","Agree","Neutral","Neutral","Strongly disagree","Agree","Neutral","Disagree","Neutral","Strongly agree","","","","","","","","","","","","","","","","","","","","","","","","","","","","","","","","","","","","","","","","","","","","","","","","","","","","","","518.86","","3.8","3.48","8.96","","","","","","","33.3","","","","","","","","","","","","","","","","","","","","","","","48.6","38.66","50.89","56.46","43.21","34.25","28.42","30.29","","7.31","17.98","6.07","3.53","9.4","21.81","","56.45","","","","","","","11.78","","4.21"
"332","2022-07-26 16:15:27","47","en","1094985353","2022-07-26 16:04:49","2022-07-26 16:15:27","","I agree.","UA02W","3","Firefox 102","Linux","N","N","3","4","4","3","2","3","","","","","","","","","","","","","","","","","","","","","","","","","","","","","","","","","","","","","","","","","","","","","","","","","","","","","","","","","","","","","","","","","","","","","","","","","","","","","","","","","","","","","","","","","","","","","","","","","","","","","","","","","","","","","","","","","","","","","","","","","","","","","","","","","","","","","","","","","1","1","1","1","1","1","2","2","3","1","1","2","2","3","3","1","1","2","1","1","2","1","1","1","4","4","4","2","4","4","5","4","5","3","4","5","3","4","3","2","4","4","4","4","4","3","4","4","Once a week.","20","26","Male","9","Masters/Diploma degree","Agree","Strongly agree","Strongly agree","Strongly agree","Neutral","Disagree","Neutral","Neutral","Strongly disagree","Strongly agree","","","","","","","","","","","","","","","","","","","","","","","","","","","","","","","","","","","","","","","","","","","","","","","","","","","","","","624.57","","20.29","7.12","36.36","","","","","","","98.92","","","","","","","","","","","","","","","","","","","","","","","33.42","58.6","49.5","35.16","43.76","36.44","49.67","36.1","","5.39","22.31","3.66","3.41","9.74","4.32","","32.1","","","","","","","6.31","","31.99"
"333","2022-07-26 17:13:50","47","en","1090650783","2022-07-26 16:59:34","2022-07-26 17:13:50","","I agree.","MA01B","3","Chrome 99","Linux","N","N","1","2","2","1","2","2","","","","","","","","","","","","","","","","","","","","","","","","","","","","","","","","","","","","","","","","","","","","","","","","","","","","","","","","","","","","","","","","","","","","","","","","","","","","","","","","","","","","","","","","","","","","","","","","","","","","","","","","","","","","","","","","","","","","","","","","","","","","","","","","","","","","","","","","","1","1","1","1","1","1","2","1","2","2","2","2","1","1","2","1","1","2","1","2","2","1","1","2","3","2","4","2","3","3","2","2","4","3","4","4","3","3","3","3","3","3","3","2","3","3","3","3","Once a week.","18","32","Male","12","Doctoral degree","Agree","Agree","Agree","Neutral","Agree","Neutral","Neutral","Agree","Neutral","Agree","","","","","","","","","","","","","","","","","","","","","","","","","","","","","","","","","","","","","","","","","","","","","","","","","","","","","","858.59","","8.08","6.31","88.39","","","","","","","117.36","","","","","","","","","","","","","","","","","","","","","","","80.4","46.8","51.77","66.04","74.25","53.79","37.26","47.59","","7.67","55.28","5.26","3.19","32.14","7.93","","55.37","","","","","","","10.44","","3.27"
"334","2022-07-26 17:27:55","47","en","119988622","2022-07-26 17:03:36","2022-07-26 17:27:55","","I agree.","EL01F","3","Safari 14","Apple","N","N","2","2","3","3","2","2","","","","","","","","","","","","","","","","","","","","","","","","","","","","","","","","","","","","","","","","","","","","","","","","","","","","","","","","","","","","","","","","","","","","","","","","","","","","","","","","","","","","","","","","","","","","","","","","","","","","","","","","","","","","","","","","","","","","","","","","","","","","","","","","","","","","","","","","","1","2","2","1","1","2","2","1","1","2","1","2","2","3","3","3","1","3","3","2","3","2","2","3","5","4","5","4","5","5","5","4","5","4","5","5","4","3","4","4","4","4","4","4","4","4","4","4","Less than once a month.","18","26","Female","8","Bachelor degree","Agree","Disagree","Disagree","Neutral","Disagree","Neutral","Disagree","Neutral","Neutral","Strongly agree","","","","","","","","","","","","","","","","","","","","","","","","","","","","","","","","","","","","","","","","","","","","","","","","","","","","","","1461.53","","85.33","8.18","76.68","","","","","","","110.64","","","","","","","","","","","","","","","","","","","","","","","74.79","53.17","46.98","67.68","57.62","46.63","46.04","46.64","","54.1","43.98","7.07","6.18","13.6","16.87","","424.2","","","","","","","170.62","","4.53"
"335","2022-07-26 17:30:39","47","en","588070891","2022-07-26 17:06:30","2022-07-26 17:30:39","","I agree.","FK11K","3","Chrome 103","Android","Y","N","5","4","5","4","5","5","","","","","","","","","","","","","","","","","","","","","","","","","","","","","","","","","","","","","","","","","","","","","","","","","","","","","","","","","","","","","","","","","","","","","","","","","","","","","","","","","","","","","","","","","","","","","","","","","","","","","","","","","","","","","","","","","","","","","","","","","","","","","","","","","","","","","","","","","1","1","1","1","1","1","1","1","1","1","1","1","2","2","2","2","1","2","1","2","2","2","1","2","3","4","4","2","5","3","4","4","4","2","4","3","2","2","3","2","1","3","3","3","4","3","1","3","Once a week.","18","33","Female","4","Bachelor degree","Agree","Neutral","Disagree","Neutral","Strongly disagree","Agree","Strongly disagree","Agree","Neutral","Strongly agree","","","","","","","","","","","","","","","","","","","","","","","","","","","","","","","","","","","","","","","","","","","","","","","","","","","","","No","1453.01","","4","2.44","9.16","","","","","","","130.07","","","","","","","","","","","","","","","","","","","","","","","85.67","80.69","618.06","59.87","63.8","70.64","51.83","53.42","","15.24","50","7.48","5.32","23.88","10.87","","74.99","","","","","","","26.51","","9.07"
"342","2022-07-27 12:26:42","47","en","1647065101","2022-07-27 12:17:03","2022-07-27 12:26:42","","I agree.","JA04M","3","Chrome 103","Windows","N","N","3","2","3","4","4","4","","","","","","","","","","","","","","","","","","","","","","","","","","","","","","","","","","","","","","","","","","","","","","","","","","","","","","","","","","","","","","","","","","","","","","","","","","","","","","","","","","","","","","","","","","","","","","","","","","","","","","","","","","","","","","","","","","","","","","","","","","","","","","","","","","","","","","","","","5","5","5","5","5","5","5","5","5","5","5","5","4","3","3","3","3","3","5","5","5","5","5","5","3","2","2","3","3","3","2","3","3","3","3","3","3","3","3","3","3","3","4","4","4","5","5","5","Once a month.","6","23","Male","6","Bachelor degree","Agree","Neutral","Agree","Agree","Agree","Neutral","Neutral","Disagree","Disagree","Agree","","","","","","","","","","","","","","","","","","","","","","","","","","","","","","","","","","","","","","","","","","","","","","","","","","","","","","572.13","","35.31","14.18","54.59","","","","","","","97.82","","","","","","","","","","","","","","","","","","","","","","","21.41","24.28","39.72","32.43","29.03","14.32","31.83","40.5","","31.15","19.18","4.78","3.78","4.52","7.23","","49.08","","","","","","","12.54","","4.45"

